INSERT INTO ROLE (ROLE_ID, ROLE_NAME) VALUES ('1','normal');
INSERT INTO ROLE (ROLE_ID, ROLE_NAME) VALUES ('2','admin');
INSERT INTO ROLE (ROLE_ID, ROLE_NAME) VALUES ('3','VIP');

INSERT INTO MENU (MENU_ID, URL, ROLE_ID) VALUES ('1','/user','2');
INSERT INTO MENU (MENU_ID, URL, ROLE_ID) VALUES ('2','/contacts','2');
INSERT INTO MENU (MENU_ID, URL, ROLE_ID) VALUES ('3','/jq_grid','2');
INSERT INTO MENU (MENU_ID, URL, ROLE_ID) VALUES ('4','/mailbox','2');
INSERT INTO MENU (MENU_ID, URL, ROLE_ID) VALUES ('5','/profile','2');
INSERT INTO MENU (MENU_ID, URL, ROLE_ID) VALUES ('6','/table_basic','2');
INSERT INTO MENU (MENU_ID, URL, ROLE_ID) VALUES ('7','/table_foo_table','2');
INSERT INTO MENU (MENU_ID, URL, ROLE_ID) VALUES ('8','/contacts','1');
INSERT INTO MENU (MENU_ID, URL, ROLE_ID) VALUES ('9','/mailbox','1');
INSERT INTO MENU (MENU_ID, URL, ROLE_ID) VALUES ('10','/profile','1');
INSERT INTO MENU (MENU_ID, URL, ROLE_ID) VALUES ('11','/contacts','3');
INSERT INTO MENU (MENU_ID, URL, ROLE_ID) VALUES ('12','/jq_grid','3');
INSERT INTO MENU (MENU_ID, URL, ROLE_ID) VALUES ('13','/mailbox','3');
INSERT INTO MENU (MENU_ID, URL, ROLE_ID) VALUES ('14','/profile','3');
INSERT INTO MENU (MENU_ID, URL, ROLE_ID) VALUES ('15','/table_basic','3');
INSERT INTO MENU (MENU_ID, URL, ROLE_ID) VALUES ('16','/table_foo_table','3');

INSERT INTO EMPLOYEE (ID, AGE, DESC, NAME, PASSWORD, ROLE_ID ) VALUES ('1',21,'student','husiyang','e10adc3949ba59abbe56e057f20f883e','2');
INSERT INTO EMPLOYEE (ID, AGE, DESC, NAME, PASSWORD, ROLE_ID ) VALUES ('2',21,'student','fabio','e10adc3949ba59abbe56e057f20f883e','3');
INSERT INTO EMPLOYEE (ID, AGE, DESC, NAME, PASSWORD, ROLE_ID ) VALUES ('3',21,'student','hsy','e10adc3949ba59abbe56e057f20f883e','1');